,Name,Competition,Region,Year,Instrument,Prize,Gender
0, Lev Oborin,Chopin,Europe,1927,piano,1,0
1, Stanisław Szpinalski,Chopin,Europe,1927,piano,2,0
2, Róża Etkin,Chopin,Europe,1927,piano,3,1
3, Grigory Ginzburg,Chopin,Europe,1927,piano,4,0
4, Alexandre Uninsky (c),Chopin,Europe,1932,piano,1,0
5, Imre Ungár (c),Chopin,Europe,1932,piano,2,0
6, Bolesław Kon,Chopin,Europe,1932,piano,3,0
7, Abram Lufer,Chopin,Europe,1932,piano,4,0
8, Lajos Kentner,Chopin,Europe,1932,piano,5,0
9, Leonid Sagalov,Chopin,Europe,1932,piano,6,0
10, Yakov Zak,Chopin,Europe,1937,piano,1,0
11, Rosa Tamarkina,Chopin,Europe,1937,piano,2,1
12, Witold Małcużyński,Chopin,Europe,1937,piano,3,0
13, Lance Dossor,Chopin,Europe,1937,piano,4,0
14, Agi Jambor,Chopin,Europe,1937,piano,5,1
15, Edith Axenfeld,Chopin,Europe,1937,piano,6,1
16, Bella Davidovich,Chopin,Europe,1949,piano,1,1
17, Halina Czerny-Stefańska (tie),Chopin,Europe,1949,piano,1,1
18, Barbara Hesse-Bukowska,Chopin,Europe,1949,piano,2,1
19, Waldemar Maciszewski,Chopin,Europe,1949,piano,3,0
20, Georgy Muravlov,Chopin,Europe,1949,piano,4,0
21, Władysław Kędra,Chopin,Europe,1949,piano,5,0
22, Ryszard Bakst,Chopin,Europe,1949,piano,6,0
23, Adam Harasiewicz,Chopin,Europe,1955,piano,1,0
24, Vladimir Ashkenazy,Chopin,Europe,1955,piano,2,0
25, Fou Ts'ong,Chopin,Asia,1955,piano,3,0
26, Bernard Ringeissen,Chopin,Europe,1955,piano,4,0
27, Naum Shtarkman,Chopin,Europe,1955,piano,5,0
28, Dmitry Paperno,Chopin,Europe,1955,piano,6,0
29, Maurizio Pollini,Chopin,Europe,1960,piano,1,0
30, Irina Zaritskaya,Chopin,Europe,1960,piano,2,1
31, Tania Achot-Haroutounian,Chopin,Other,1960,piano,3,1
32, Li Min-Chan,Chopin,Asia,1960,piano,4,0
33, Zinaida Ignatyeva,Chopin,Europe,1960,piano,5,1
34, Valeri Kastelsky,Chopin,Europe,1960,piano,6,0
35, Martha Argerich,Chopin,Other,1965,piano,1,1
36, Arthur Moreira Lima,Chopin,Other,1965,piano,2,0
37, Marta Sosińska,Chopin,Europe,1965,piano,3,1
38, Hiroko Nakamura,Chopin,Asia,1965,piano,4,1
39, Edward Auer,Chopin,USA/Canada,1965,piano,5,0
40, Elżbieta Głąbówna,Chopin,Europe,1965,piano,6,1
41, Garrick Ohlsson,Chopin,USA/Canada,1970,piano,1,0
42, Mitsuko Uchida,Chopin,Asia,1970,piano,2,1
43, Piotr Paleczny,Chopin,Europe,1970,piano,3,0
44, Eugen Indjic,Chopin,USA/Canada,1970,piano,4,0
45, Natalya Gavrilova,Chopin,Europe,1970,piano,5,1
46, Janusz Olejniczak,Chopin,Europe,1970,piano,6,0
47, Krystian Zimerman,Chopin,Europe,1975,piano,1,0
48, Dina Joffe,Chopin,Europe,1975,piano,2,1
49, Tatyana Fedkina,Chopin,Europe,1975,piano,3,1
50, Pavel Gililov,Chopin,Europe,1975,piano,4,0
51, Dean Kramer,Chopin,USA/Canada,1975,piano,5,0
52, Diana Kacso,Chopin,Other,1975,piano,6,1
53, Dang Thai Son,Chopin,Asia,1980,piano,1,0
54, Tatyana Shebanova,Chopin,Europe,1980,piano,2,1
55, Arutyun Papazyan,Chopin,Europe,1980,piano,3,0
56, Akiko Ebi,Chopin,Asia,1980,piano,5,1
57, Ewa Pobłocka (tie),Chopin,Europe,1980,piano,5,1
58, Eric Berchot,Chopin,Europe,1980,piano,6,0
59, Irina Pietrova (tie) -->,Chopin,Europe,1980,piano,6,1
60, Stanislav Bunin,Chopin,Europe,1985,piano,1,0
61, Marc Laforet,Chopin,Europe,1985,piano,2,0
62, Krzysztof Jabłoński,Chopin,Europe,1985,piano,3,0
63, Michie Koyama,Chopin,Asia,1985,piano,4,1
64, Jean-Marc Luisada,Chopin,Europe,1985,piano,5,0
65, Tatyana Pikayzen,Chopin,Europe,1985,piano,6,1
66, Kevin Kenner,Chopin,USA/Canada,1990,piano,2,0
67, Yukio Yokoyama,Chopin,Asia,1990,piano,3,0
68, Corrado Rollero,Chopin,Europe,1990,piano,4,0
69, Margarita Shevchenko (tie),Chopin,Europe,1990,piano,4,1
70, Anna Malikova,Chopin,Europe,1990,piano,5,1
71, Takako Takahashi (tie),Chopin,Asia,1990,piano,5,1
72, Caroline Sageman,Chopin,Europe,1990,piano,6,1
73, Philippe Giusiano,Chopin,Europe,1995,piano,2,0
74, Alexei Sultanov (tie),Chopin,Europe,1995,piano,2,0
75,  Gabriela Montero,Chopin,Other,1995,piano,3,1
76, Rem Urasin,Chopin,Europe,1995,piano,4,0
77, Rika Miyatani,Chopin,Asia,1995,piano,5,1
78, Magdalena Lisak,Chopin,Europe,1995,piano,6,1
79, Yundi Li,Chopin,Asia,2000,piano,1,0
80, Ingrid Fliter,Chopin,Other,2000,piano,2,1
81, Alexander Kobrin,Chopin,Europe,2000,piano,3,0
82, Sa Chen,Chopin,Asia,2000,piano,4,1
83, Alberto Nosè,Chopin,Europe,2000,piano,5,0
84, Mika Sato,Chopin,Asia,2000,piano,6,1
85, Rafał Blechacz,Chopin,Europe,2005,piano,1,0
86, Dong-Hyek Lim,Chopin,Asia,2005,piano,3,0
87, Dong-Min Lim (tie),Chopin,Asia,2005,piano,3,0
88, Shohei Sekimoto,Chopin,Asia,2005,piano,4,0
89, Takashi Yamamoto,Chopin,Asia,2005,piano,4,0
90, Ka Ling Colleen Lee,Chopin,Asia,2005,piano,6,1
91, Yulianna Avdeeva,Chopin,Europe,2010,piano,1,1
92, Lukas Geniušas,Chopin,Europe,2010,piano,2,0
93, Ingolf Wunder (tie),Chopin,Europe,2010,piano,2,0
94, Daniil Trifonov,Chopin,Europe,2010,piano,3,0
95, Evgeni Bozhanov,Chopin,Europe,2010,piano,4,0
96, François Dumont,Chopin,Europe,2010,piano,5,0
97, Seong-Jin Cho,Chopin,Asia,2015,piano,1,0
98, Charles Richard-Hamelin,Chopin,USA/Canada,2015,piano,2,0
99, Kate Liu,Chopin,USA/Canada,2015,piano,3,1
100, Eric Lu,Chopin,USA/Canada,2015,piano,4,0
101, Tony Yike Yang,Chopin,USA/Canada,2015,piano,5,0
102, Dmitry Shishkin,Chopin,Europe,2015,piano,6,0
103, Stanislav Khristenko,Cleveland,Europe,2013,piano,1,0
104, Arseny Tarasevich-Nikolaev,Cleveland,Europe,2013,piano,2,0
105, François Dumont,Cleveland,Europe,2013,piano,3,0
106, Jiayan Sun,Cleveland,Asia,2013,piano,4,0
107, Alexander Schimpf,Cleveland,Europe,2011,piano,1,0
108, Alexei Chernov,Cleveland,Europe,2011,piano,2,0
109, Eric Zuber,Cleveland,USA/Canada,2011,piano,3,0
110, Kyu Yeon Kim,Cleveland,Asia,2011,piano,4,1
111, Martina Filjak,Cleveland,Europe,2009,piano,1,1
112, Dmitri Levkovich,Cleveland,USA/Canada,2009,piano,2,0
113, William Youn,Cleveland,Asia,2009,piano,3,0
114, Evgeny Brakhman,Cleveland,Europe,2009,piano,4,0
115, Alexander Ghindin,Cleveland,Europe,2007,piano,1,0
116, Yaron Kohlberg,Cleveland,Other,2007,piano,2,0
117, Alexandre Moutouzkine,Cleveland,Europe,2007,piano,3,0
118, Ran Dank,Cleveland,Other,2007,piano,4,0
119, Chu-Fang Huang,Cleveland,Asia,2005,piano,1,1
120, Sergey Kuznetsov,Cleveland,Europe,2005,piano,2,0
121, Stanislav Khristenko,Cleveland,Europe,2005,piano,3,0
122, Spencer Myer,Cleveland,USA/Canada,2005,piano,4,0
123, Kotaro Fukuma,Cleveland,Asia,2003,piano,1,0
124, Soyeon Lee,Cleveland,Asia,2003,piano,2,1
125, Konstantin Soukhovetski,Cleveland,Europe,2003,piano,3,0
126, Andrius Zlabys,Cleveland,Europe,2003,piano,4,0
127, Roberto Plano,Cleveland,Europe,2001,piano,1,0
128, Minsoo Sohn,Cleveland,Asia,2001,piano,2,0
129, Özgür Aydin,Cleveland,Other,2001,piano,3,0
130, Gilles Vonsattel,Cleveland,Europe,2001,piano,4,0
131, Antonio Pompa-Baldi,Cleveland,Europe,1999,piano,1,0
132, Vassily Primakov,Cleveland,Europe,1999,piano,2,0
133, Shoko Inoue,Cleveland,Asia,1999,piano,3,1
134, Sean Botkin,Cleveland,USA/Canada,1999,piano,4,0
135, Per Tengstrand,Cleveland,Europe,1997,piano,1,0
136, Gulnora Alimova,Cleveland,Other,1997,piano,2,1
137, Ning An,Cleveland,Asia,1997,piano,3,0
138, Dror Biran,Cleveland,Other,1997,piano,4,0
139, Margarita Shevchenko,Cleveland,Europe,1995,piano,1,1
140,/ Marina Lomazov,Cleveland,Europe,1995,piano,2,1
141, Dmitri Teterin,Cleveland,Europe,1995,piano,3,0
142, Giampaolo Stuani,Cleveland,Europe,1995,piano,4,0
143, Amir Katz,Cleveland,Other,1993,piano,1,0
144, Seizo Azuma,Cleveland,Asia,1993,piano,3,0
145, Yuko Nakamichi,Cleveland,Asia,1993,piano,3,1
146, Katsunori Ishii,Cleveland,Asia,1993,piano,4,0
147, Ilya Itin,Cleveland,Europe,1991,piano,1,0
148, Anders Martinson,Cleveland,USA/Canada,1991,piano,2,0
149, Markus Pawlik,Cleveland,Europe,1991,piano,3,0
150, Jean-François Bouvery,Cleveland,Europe,1991,piano,4,0
151, Timothy Bozarth,Cleveland,USA/Canada,1991,piano,5,0
152,/ Hsin-Bei Lee,Cleveland,Asia,1991,piano,6,1
153, Sergei Babayan (USSR),Cleveland,Europe,1989,piano,1,0
154, Nicholas Angelich,Cleveland,USA/Canada,1989,piano,2,0
155, Megumi Kaneko,Cleveland,Asia,1989,piano,3,1
156, Pascal Godart,Cleveland,Europe,1989,piano,4,0
157, François Chaplin,Cleveland,Europe,1989,piano,5,0
158, Eglé Januleviciuté (USSR),Cleveland,Europe,1989,piano,6,1
159, Thierry Huillet,Cleveland,Europe,1987,piano,1,0
160, Asaf Zohar,Cleveland,Other,1987,piano,2,0
161, Jonathan Bass,Cleveland,USA/Canada,1987,piano,3,0
162,/ Beatrice Hsin-Chen Long,Cleveland,Asia,1987,piano,4,1
163, Takayuki Ito,Cleveland,Asia,1987,piano,5,0
164, Hiroko Atsumi,Cleveland,Asia,1987,piano,6,1
165, Daejin Kim,Cleveland,Asia,1985,piano,1,0
166, Benedetto Lupo,Cleveland,Europe,1985,piano,2,0
167, Hélène Jeanney,Cleveland,Europe,1985,piano,3,1
168, Neil Rutman,Cleveland,USA/Canada,1985,piano,4,0
169, Yves Henry,Cleveland,Europe,1985,piano,5,0
170, Dan-Wen Wei,Cleveland,Asia,1985,piano,6,0
171, Youngshin An,Cleveland,Asia,1983,piano,1,1
172, Mayumi Kameda,Cleveland,Asia,1983,piano,2,1
173, Stéphane Lemelin,Cleveland,USA/Canada,1983,piano,3,0
174, Roy Kogan,Cleveland,USA/Canada,1983,piano,4,0
175,/ Dimitry Cogan,Cleveland,Other,1983,piano,5,0
176, Silke-Thora Matthies,Cleveland,Europe,1983,piano,6,1
177, Philippe Bianconi,Cleveland,Europe,1981,piano,1,0
178, Dan Riddle,Cleveland,USA/Canada,1981,piano,2,0
179, Rémy Loumbrozo,Cleveland,Europe,1981,piano,3,0
180, Roy Kogan,Cleveland,USA/Canada,1981,piano,4,0
181, Timothy Smith,Cleveland,USA/Canada,1981,piano,5,0
182, Michael Boriskin,Cleveland,USA/Canada,1981,piano,6,0
183, Edward Newman,Cleveland,USA/Canada,1979,piano,1,0
184, Jean-Yves Thibaudet,Cleveland,Europe,1979,piano,2,0
185, Angela Hewitt,Cleveland,USA/Canada,1979,piano,3,1
186, Frederick Blum,Cleveland,USA/Canada,1979,piano,4,0
187,Peter Vinograde,Cleveland,USA/Canada,1979,piano,5,0
188, Douglas Weeks,Cleveland,USA/Canada,1979,piano,6,0
189, Nathalie Bera-Tagrine,Cleveland,Europe,1977,piano,1,1
190, Barry Salwen,Cleveland,USA/Canada,1977,piano,2,0
191, Douglas Montgomery,Cleveland,USA/Canada,1977,piano,3,0
192, Laura Silverman,Cleveland,USA/Canada,1977,piano,4,1
193, Géry Moutier,Cleveland,Europe,1977,piano,5,0
194, Sandra Shuler,Cleveland,USA/Canada,1977,piano,6,1
195, John Owings,Cleveland,USA/Canada,1975,piano,1,0
196, Julian Martin,Cleveland,USA/Canada,1975,piano,2,0
197, John-Patrick Millow,Cleveland,Europe,1975,piano,3,0
198, Roe Van Boskirk,Cleveland,USA/Canada,1975,piano,4,0
199, Katsurako Mikami,Cleveland,Asia,1975,piano,5,1
200, Paweł Chęciński,Cleveland,Europe,1975,piano,6,0
201,Van Cliburn,Tchaikovsky,USA/Canada,1958,piano,1,0
202,Naum Shtarkman,Tchaikovsky,Europe,1958,piano,3,0
203,Eliso Virsaladze,Tchaikovsky,Europe,1962,piano,3,1
204,Grigory Sokolov,Tchaikovsky,Europe,1966,piano,1,0
205,Misha Dichter,Tchaikovsky,USA/Canada,1966,piano,2,0
206,Victor Eresko,Tchaikovsky,Europe,1966,piano,3,0
207,Horacio Gutiérrez,Tchaikovsky,Other,1970,piano,2,0
208,Andrei Gavrilov,Tchaikovsky,Europe,1974,piano,1,0
209,Youri Egorov,Tchaikovsky,Europe,1974,piano,3,0
210,Mikhail Pletnev,Tchaikovsky,Europe,1978,piano,1,0
211,Mitie Koyama,Tchaikovsky,Asia,1982,piano,3,1
212,Barry Douglas,Tchaikovsky,Europe,1986,piano,1,0
213,Natalia Trull,Tchaikovsky,Europe,1986,piano,2,1
214,Sara Davis Buechner,Tchaikovsky,Europe,1986,piano,3,1
215,Boris Berezovsky,Tchaikovsky,Europe,1990,piano,1,0
216,Vladimir Mischouk,Tchaikovsky,Europe,1990,piano,2,0
217,Nikolai Lugansky,Tchaikovsky,Europe,1994,piano,2,0
218,Denis Matsuev,Tchaikovsky,Europe,1998,piano,1,0
219,Vadim Rudenko,Tchaikovsky,Europe,1998,piano,2,0
220,Freddy Kempf,Tchaikovsky,Europe,1998,piano,3,0
221,Ayako Uehara,Tchaikovsky,Asia,2002,piano,1,1
222,Alexei Nabiulin,Tchaikovsky,Europe,2002,piano,2,0
223,Miroslav Kultyshev,Tchaikovsky,Europe,2007,piano,2,0
224,Alexander Lubyantsev,Tchaikovsky,Europe,2007,piano,3,0
225,Daniil Trifonov,Tchaikovsky,Europe,2011,piano,1,0
226,Yeol Eum Son,Tchaikovsky,Asia,2011,piano,2,1
227,Seong-Jin Cho,Tchaikovsky,Asia,2011,piano,3,0
228,Dmitry Masleev,Tchaikovsky,Europe,2015,piano,1,0
229,Valery Klimov,Tchaikovsky,Europe,1958,violin,1,0
230,Victor Pikaizen,Tchaikovsky,Europe,1958,violin,2,0
231,Ştefan Ruha,Tchaikovsky,Europe,1958,violin,3,0
232,Boris Gutnikov,Tchaikovsky,Europe,1962,violin,1,0
233,Viktor Tretiakov,Tchaikovsky,Europe,1966,violin,1,0
234,Gidon Kremer,Tchaikovsky,Europe,1970,violin,1,0
235,Liana Isakadze,Tchaikovsky,Europe,1970,violin,3,1
236,Tomoko Kato,Tchaikovsky,Asia,1982,violin,2,1
237,Jane Peters,Tchaikovsky,Other,1986,violin,3,1
238,Akiko Suwanai,Tchaikovsky,Asia,1990,violin,1,1
239,Evgeny Bushkov,Tchaikovsky,Europe,1990,violin,2,0
240,Alyssa Park,Tchaikovsky,USA/Canada,1990,violin,3,1
241,Nikolai Savchenko,Tchaikovsky,Europe,1998,violin,1,0
242,Latica Honda-Rosenberg,Tchaikovsky,Europe,1998,violin,2,1
243,Ichun Pan,Tchaikovsky,Asia,1998,violin,3,1
244,Tamaki Kawakubo,Tchaikovsky,Other,2002,violin,2,1
245,Xi Chen,Tchaikovsky,Asia,2002,violin,3,0
246,Mayuko Kamio,Tchaikovsky,Asia,2007,violin,1,1
247,Nikita Boriso-Glebsky,Tchaikovsky,Europe,2007,violin,2,0
248,Yuki Manuela Janke,Tchaikovsky,Europe,2007,violin,3,1
249,Jehye Lee,Tchaikovsky,Asia,2011,violin,3,1
250,Yu-Chien Tseng,Tchaikovsky,Asia,2015,violin,2,0
251,Natalia Shakhovskaya,Tchaikovsky,Europe,1962,cello,1,1
252,Karine Georgian,Tchaikovsky,Europe,1966,cello,1,1
253,David Geringas,Tchaikovsky,Europe,1970,cello,1,0
254,Victoria Yagling,Tchaikovsky,Europe,1970,cello,2,1
255,Ko Iwasaki,Tchaikovsky,Asia,1970,cello,3,0
256,Boris Pergamenschikov,Tchaikovsky,Europe,1974,cello,1,0
257,Ivan Monighetti,Tchaikovsky,Europe,1974,cello,2,0
258,Hirofumi Kanno,Tchaikovsky,Asia,1974,cello,3,0
259,Nathaniel Rosen,Tchaikovsky,USA/Canada,1978,cello,1,0
260,Antonio Meneses,Tchaikovsky,Other,1982,cello,1,0
261,Alexander Rudin,Tchaikovsky,Europe,1982,cello,2,0
262,Georg Faust,Tchaikovsky,Europe,1982,cello,3,0
263,Gustav Rivinius,Tchaikovsky,Europe,1990,cello,1,0
264,Denis Shapovalov,Tchaikovsky,Europe,1998,cello,1,0
265,Liwei Qin,Tchaikovsky,Other,1998,cello,2,0
266,Boris Andrianov,Tchaikovsky,Europe,1998,cello,3,0
267,Johannes Moser,Tchaikovsky,Europe,2002,cello,2,0
268,Sergey Antonov,Tchaikovsky,Europe,2007,cello,1,0
269,Alexander Buzlov,Tchaikovsky,Europe,2007,cello,2,0
270,István Várdai,Tchaikovsky,Europe,2007,cello,3,0
271,Narek Hakhnazaryan,Tchaikovsky,Europe,2011,cello,1,0
272,Edgar Moreau,Tchaikovsky,Europe,2011,cello,2,0
273,Ivan Karizna,Tchaikovsky,Europe,2011,cello,3,0
274,Andrei Ioniță,Tchaikovsky,Europe,2015,cello,1,0
275,Alexander Ramm,Tchaikovsky,Europe,2015,cello,2,0
276,Alexander Buzlov,Tchaikovsky,Europe,2015,cello,3,0
277,Lev Vlassenko,Tchaikovsky,Europe,1958,piano,2,0
278,Liu Shikun,Tchaikovsky,Asia,1958,piano,2,0
279,Vladimir Ashkenazy,Tchaikovsky,Europe,1962,piano,1,0
280,John Ogdon,Tchaikovsky,Europe,1962,piano,1,0
281,Susan Starr,Tchaikovsky,USA/Canada,1962,piano,2,1
282,Yin Chengzong,Tchaikovsky,Asia,1962,piano,2,0
283,Vladimir Krainev,Tchaikovsky,Europe,1970,piano,1,0
284,John Lill,Tchaikovsky,Europe,1970,piano,1,0
285,Arthur Moreira Lima,Tchaikovsky,Other,1970,piano,3,0
286,Viktoria Postnikova,Tchaikovsky,Europe,1970,piano,3,1
287,Myung-whun Chung,Tchaikovsky,Asia,1974,piano,2,0
288,Stanislav Igolinsky,Tchaikovsky,Europe,1974,piano,2,0
289,Pascal Devoyon,Tchaikovsky,Europe,1978,piano,2,0
290,André Laplante,Tchaikovsky,USA/Canada,1978,piano,2,0
291,Nikolai Demidenko,Tchaikovsky,Europe,1978,piano,3,0
292,Evgeny Ryvkin,Tchaikovsky,Europe,1978,piano,3,0
293,Peter Donohoe,Tchaikovsky,Europe,1982,piano,2,0
294,Vladimir Ovchinnikov,Tchaikovsky,Europe,1982,piano,2,0
295,Kevin Kenner,Tchaikovsky,USA/Canada,1990,piano,3,0
296,Johan Schmidt,Tchaikovsky,Europe,1990,piano,3,0
297,Anton Mordasov,Tchaikovsky,Europe,1990,piano,3,0
298,Vadim Rudenko,Tchaikovsky,Europe,1994,piano,3,0
299,HaeSun Paik,Tchaikovsky,Asia,1994,piano,3,1
300,Tszyuy Tszin,Tchaikovsky,Asia,2002,piano,3,0
301,Andrey Ponochevny,Tchaikovsky,Europe,2002,piano,3,0
302,Lucas Geniušas,Tchaikovsky,Europe,2015,piano,2,0
303,George Li,Tchaikovsky,USA/Canada,2015,piano,2,0
304,Sergei Redkin,Tchaikovsky,Europe,2015,piano,3,0
305,Daniel Kharitonov,Tchaikovsky,Europe,2015,piano,3,0
306,Shmuel Ashkenasi,Tchaikovsky,Other,1962,violin,2,0
307,Irina Bochkova,Tchaikovsky,Europe,1962,violin,2,1
308,Nina Beilina,Tchaikovsky,Europe,1962,violin,3,1
309,Yoko Kubo,Tchaikovsky,Asia,1962,violin,3,1
310,Masuko Ushioda,Tchaikovsky,Asia,1966,violin,2,1
311,Oleg Kagan,Tchaikovsky,Europe,1966,violin,2,0
312,Yoko Sato,Tchaikovsky,Asia,1966,violin,3,1
313,Oleh Krysa,Tchaikovsky,Europe,1966,violin,3,0
314,Vladimir Spivakov,Tchaikovsky,Europe,1970,violin,2,0
315,Mayumi Fujikawa,Tchaikovsky,Asia,1970,violin,2,1
316,Eugene Fodor,Tchaikovsky,USA/Canada,1974,violin,2,0
317,Ruben Agaronyan,Tchaikovsky,Europe,1974,violin,2,0
318,Rusudan Gvasaliya,Tchaikovsky,Europe,1974,violin,2,0
319,Marie-Annick Nicolas,Tchaikovsky,Europe,1974,violin,3,1
320,Vanya Milanova,Tchaikovsky,Europe,1974,violin,3,0
321,Ilya Grubert,Tchaikovsky,Europe,1978,violin,1,0
322,Elmar Oliveira,Tchaikovsky,USA/Canada,1978,violin,1,0
323,Mihaela Martin,Tchaikovsky,Europe,1978,violin,2,1
324,Dylana Jenson,Tchaikovsky,USA/Canada,1978,violin,2,1
325,Irina Medvedeva,Tchaikovsky,Europe,1978,violin,3,1
326,Alexandr Vinnitsky,Tchaikovsky,Europe,1978,violin,3,0
327,Viktoria Mullova,Tchaikovsky,Europe,1982,violin,1,1
328,Sergey Stadler,Tchaikovsky,Europe,1982,violin,1,0
329,Stephanie Chase,Tchaikovsky,USA/Canada,1982,violin,3,1
330,Andres Cardenes,Tchaikovsky,USA/Canada,1982,violin,3,0
331,Ilya Kaler,Tchaikovsky,Europe,1986,violin,1,0
332,Raphaël Oleg,Tchaikovsky,Europe,1986,violin,1,0
333,Xue Wei,Tchaikovsky,Asia,1986,violin,2,0
334,Maxim Fedotov,Tchaikovsky,Europe,1986,violin,2,0
335,Anastasia Chebotareva,Tchaikovsky,Europe,1994,violin,2,1
336,Jennifer Koh,Tchaikovsky,USA/Canada,1994,violin,2,1
337,Graf Murzh,Tchaikovsky,Europe,1994,violin,3,0
338,Marco Rizzi,Tchaikovsky,Europe,1994,violin,3,0
339,Sergey Dogadin,Tchaikovsky,Europe,2011,violin,2,0
340,Itamar Zorman,Tchaikovsky,Other,2011,violin,2,0
341,Alexandra Conunova,Tchaikovsky,Europe,2015,violin,3,1
342,Haik Kazazyan,Tchaikovsky,Europe,2015,violin,3,0
343,Pavel Milyukov,Tchaikovsky,Europe,2015,violin,3,0
344,Leslie Parnas,Tchaikovsky,USA/Canada,1962,cello,2,0
345,Valentin Feygin,Tchaikovsky,Europe,1962,cello,2,0
346,Natalia Gutman,Tchaikovsky,Europe,1962,cello,3,1
347,Mikhail Khomitser,Tchaikovsky,Europe,1962,cello,3,0
348,Stephen Kates,Tchaikovsky,USA/Canada,1966,cello,2,0
349,Arto Noras,Tchaikovsky,Europe,1966,cello,2,0
350,Kenichiro Yasuda,Tchaikovsky,Asia,1966,cello,3,0
351,Eleonora Testelets,Tchaikovsky,Europe,1966,cello,3,1
352,Mari Fudzivara,Tchaikovsky,Asia,1978,cello,2,1
353,Daniel Veis,Tchaikovsky,Europe,1978,cello,2,0
354,Alexander Kniazev,Tchaikovsky,Europe,1978,cello,3,0
355,Alexander Rudin,Tchaikovsky,Europe,1978,cello,3,0
356,Mario Brunello,Tchaikovsky,Europe,1986,cello,1,0
357,Kirill Rodin,Tchaikovsky,Europe,1986,cello,1,0
358,Suren Bagratuni,Tchaikovsky,Europe,1986,cello,2,0
359,Martti Rousi,Tchaikovsky,Europe,1986,cello,2,0
360,Sara Sant'Ambrogio,Tchaikovsky,USA/Canada,1986,cello,3,1
361,John Sharp,Tchaikovsky,USA/Canada,1986,cello,3,0
362,Françoise Groben,Tchaikovsky,Europe,1990,cello,2,1
363,Alexander Kniazev,Tchaikovsky,Europe,1990,cello,2,0
364,Bion Tsang,Tchaikovsky,USA/Canada,1990,cello,3,0
365,Tim Hugh,Tchaikovsky,Europe,1990,cello,3,0
366,Claudius Popp,Tchaikovsky,Europe,2002,cello,3,0
367,Alexander Chaushian,Tchaikovsky,Europe,2002,cello,3,0
368, Anna Tcybuleva,Leeds,Europe,2015,piano,1,1
369, Heejae Kim,Leeds,Asia,2015,piano,2,1
370, Vitaly Pisaranko,Leeds,Europe,2015,piano,3,0
371, Andrew Peterson,Leeds,USA/Canada,2015,piano,4,0
372, Tomoki Kitamura,Leeds,Asia,2015,piano,5,0
373, Yun Wei,Leeds,Asia,2015,piano,6,1
374, Federico Colli,Leeds,Europe,2012,piano,1,0
375, Louis Schwizgebel,Leeds,Europe,2012,piano,2,0
376, Jiayan Sun,Leeds,Asia,2012,piano,3,0
377, Andrejs Osokins,Leeds,Europe,2012,piano,4,0
378, Andrew Tyson,Leeds,USA/Canada,2012,piano,5,0
379, Jayson Gillham,Leeds,Other,2012,piano,6,0
380, Sofya Gulyak,Leeds,Europe,2009,piano,1,1
381, Alexej Gorlatch,Leeds,Europe,2009,piano,2,0
382, Alessandro Taverna,Leeds,Europe,2009,piano,3,0
383, David Kadouch,Leeds,Europe,2009,piano,4,0
384, Rachel Cheung,Leeds,Asia,2009,piano,5,1
385, Jianing Kong,Leeds,Asia,2009,piano,6,0
386, Sunwook Kim,Leeds,Asia,2006,piano,1,0
387, Andrew Brownell,Leeds,USA/Canada,2006,piano,2,0
388, Denis Kozhukhin,Leeds,Europe,2006,piano,3,0
389, Song Siheng,Leeds,Asia,2006,piano,4,0
390, Sung-hoon Kim,Leeds,Asia,2006,piano,5,0
391, Grace Fong,Leeds,USA/Canada,2006,piano,6,1
392, Antti Siirala,Leeds,Europe,2003,piano,1,0
393, Evgenia Rubinova,Leeds,Other,2003,piano,2,1
394, Yuma Osaki,Leeds,Asia,2003,piano,3,1
395, Igor Tchetuev,Leeds,Europe,2003,piano,4,0
396, Chiao Ying-Chang,Leeds,Asia,2003,piano,5,1
397,/ Sodi Braide,Leeds,Other,2003,piano,6,0
398, Alessio Bax,Leeds,Europe,2000,piano,1,0
399, Davide Franceschetti,Leeds,Europe,2000,piano,2,0
400, Severin von Eckardstein,Leeds,Europe,2000,piano,3,0
401, Cristiano Burato,Leeds,Europe,2000,piano,4,0
402, Ashley Wass,Leeds,Europe,2000,piano,5,1
403, Tatiana Kolesova,Leeds,Europe,2000,piano,6,1
404, Ilya Itin,Leeds,Europe,1996,piano,1,0
405, Roberto Cominati,Leeds,Europe,1996,piano,2,0
406, Aleksandar Madžar,Leeds,Europe,1996,piano,3,0
407, Sa Chen,Leeds,Asia,1996,piano,4,1
408, Armen Babakhanian,Leeds,Europe,1996,piano,5,0
409, Ekaterina Apekisheva,Leeds,Other,1996,piano,6,1
410, Ricardo Castro,Leeds,Other,1993,piano,1,0
411, Leon McCawley,Leeds,Europe,1993,piano,2,0
412, Mark Anderson,Leeds,USA/Canada,1993,piano,3,0
413, Filippo Gamba,Leeds,Europe,1993,piano,4,0
414, Maxim Philippov,Leeds,Europe,1993,piano,5,0
415, Margarita Shevchenko,Leeds,Europe,1993,piano,6,1
416, Artur Pizarro,Leeds,Europe,1990,piano,1,0
417, Lars Vogt,Leeds,Europe,1990,piano,2,0
418, Éric Le Sage,Leeds,Europe,1990,piano,3,0
419, Balázs Szokolay,Leeds,Europe,1990,piano,4,0
420, Haesun Paik,Leeds,Asia,1990,piano,5,1
421, Andrei Zheltonog,Leeds,Europe,1990,piano,6,0
422, Vladimir Ovchinnikov,Leeds,Europe,1987,piano,1,0
423, Ian Munro,Leeds,Other,1987,piano,2,0
424, Noriko Ogawa,Leeds,Asia,1987,piano,3,1
425, Boris Berezovsky,Leeds,Europe,1987,piano,4,0
426, Hugh Tinney,Leeds,Europe,1987,piano,5,0
427, Marcantonio Barone,Leeds,USA/Canada,1987,piano,6,0
428, Jon Kimura Parker,Leeds,USA/Canada,1984,piano,1,0
429, Ju Hee Suh,Leeds,Asia,1984,piano,2,1
430, Junko Otake,Leeds,Asia,1984,piano,3,1
431, Louis Lortie,Leeds,USA/Canada,1984,piano,4,0
432, David Buechner,Leeds,USA/Canada,1984,piano,5,0
433, Emma Tahmizian,Leeds,Europe,1984,piano,6,1
434, Ian Hobson,Leeds,Europe,1981,piano,1,0
435, Wolfgang Manz,Leeds,Europe,1981,piano,2,0
436, Bernard d'Ascoli,Leeds,Europe,1981,piano,3,0
437, Daniel Blumenthal,Leeds,USA/Canada,1981,piano,4,0
438, Christopher O'Riley,Leeds,USA/Canada,1981,piano,5,0
439, Peter Donohoe,Leeds,Europe,1981,piano,6,0
440, Michel Dalberto,Leeds,Europe,1978,piano,1,0
441, Diana Kacso,Leeds,Other,1978,piano,2,1
442, Lydia Artymiw,Leeds,USA/Canada,1978,piano,3,1
443, Ian Hobson,Leeds,Europe,1978,piano,4,0
444, Kathryn Stott,Leeds,Europe,1978,piano,5,1
445, Etsuko Terada,Leeds,Asia,1978,piano,6,1
446, Dimitri Alexeev,Leeds,Europe,1975,piano,1,0
447, Mitsuko Uchida,Leeds,Asia,1975,piano,2,1
448, Andras Schiff,Leeds,Europe,1975,piano,3,0
449, Pascal Devoyon,Leeds,Europe,1975,piano,3,0
450, Michael Houston,Leeds,Other,1975,piano,4,0
451, Myung-whun Chung,Leeds,USA/Canada,1975,piano,4,0
452, Murray Perahia,Leeds,USA/Canada,1972,piano,1,0
453, Craig Sheppard,Leeds,USA/Canada,1972,piano,2,0
454, Eugen Indjic,Leeds,USA/Canada,1972,piano,3,0
455, Radu Lupu,Leeds,Europe,1969,piano,1,0
456, Georges Pludermacher,Leeds,Europe,1969,piano,2,0
457, Arthur Moreira Lima,Leeds,Other,1969,piano,3,0
458, Boris Petrushansky,Leeds,Europe,1969,piano,4,0
459, Anne Queffélec,Leeds,Europe,1969,piano,5,1
460, Rafael Orozco,Leeds,Europe,1966,piano,1,0
461, Viktoria Postnikova,Leeds,Europe,1966,piano,2,1
462, Semyon Kruchin,Leeds,Europe,1966,piano,2,0
463, Alexey Nasedkin,Leeds,Europe,1966,piano,3,0
464, Jean-Rodolphe Kars,Leeds,Europe,1966,piano,4,0
465, Michael Roll,Leeds,Europe,1963,piano,1,0
466, Vladimir Krainev,Leeds,Europe,1963,piano,2,0
467, Sebastien Risler,Leeds,Europe,1963,piano,3,0
468, Armenta Adams,Leeds,USA/Canada,1963,piano,4,1
469, Elza Kolodin,Iturbi,Europe,1981,piano,1,1
470, Edson Elias,Iturbi,Other,1981,piano,2,0
471, Hüseyin Sermet,Iturbi,Other,1981,piano,3,0
472, Michel Gal,Iturbi,Europe,1982,piano,3,0
473, Patrick O'Byrne,Iturbi,Other,1983,piano,1,0
474, Youri Pochtar,Iturbi,Europe,1983,piano,2,0
475, Mary Kathleen Ernst,Iturbi,USA/Canada,1983,piano,3,1
476, Christian Beldi,Iturbi,Europe,1984,piano,1,0
477, Rowena Arrieta,Iturbi,Asia,1986,piano,1,1
478, Emiko Kumagai,Iturbi,Asia,1986,piano,2,1
479, Yumiko Urabe,Iturbi,Asia,1986,piano,3,1
480, Igor Kamenz,Iturbi,Europe,1988,piano,1,0
481, Brenno Ambrosini,Iturbi,Europe,1988,piano,2,0
482, Jovianney Emmanuel Cruz,Iturbi,Asia,1988,piano,3,0
483, Aleksey Orlovetsky,Iturbi,Europe,1990,piano,1,0
484, Mariana Gurkova,Iturbi,Europe,1992,piano,3,1
485,  Miri Yampolsky,Iturbi,Other,1994,piano,1,1
486, Mauricio Vallina,Iturbi,Other,1994,piano,2,0
487, Atsuko Seki,Iturbi,Asia,1994,piano,3,1
488, Uta Weyand,Iturbi,Europe,1996,piano,1,1
489, Jenny Lin,Iturbi,Asia,1996,piano,2,1
490, Jung-Eun Kim,Iturbi,Asia,1996,piano,3,1
491, Duncan Gifford,Iturbi,Other,1998,piano,1,0
492,  Roman Zaslavsky,Iturbi,Other,2000,piano,1,0
493, Ángel Sanzo,Iturbi,Europe,2000,piano,2,0
494, Sheila Arnold,Iturbi,Europe,2000,piano,3,1
495, Maria Zisi,Iturbi,Europe,2002,piano,1,1
496, Severin von Eckardstein,Iturbi,Europe,2002,piano,2,0
497, Maria Stembolskaya (ex-a.),Iturbi,Other,2002,piano,2,1
498, Alexandre Moutouzkine,Iturbi,Europe,2004,piano,1,0
499, Jean-Frédéric Neuburger,Iturbi,Europe,2004,piano,2,0
500, Ingmar Schwindt,Iturbi,Europe,2004,piano,3,0
501, Josu de Solaun Soto,Iturbi,Europe,2006,piano,1,0
502, Valentina Igoshina,Iturbi,Europe,2006,piano,2,1
503, Andrei Yaroshinsky,Iturbi,Europe,2006,piano,3,0
504, Zhengyu Chen,Iturbi,Asia,2008,piano,1,0
505, Soyeon Kim,Iturbi,Asia,2008,piano,2,1
506,  Marianna Prjevalskaya,Iturbi,Europe,2008,piano,3,1
507, Andrei Yaroshinsky,Iturbi,Europe,2010,piano,1,0
508, Arta Arnicane,Iturbi,Europe,2010,piano,2,1
509, Aleksey Lebedev,Iturbi,Europe,2010,piano,3,0
510, Jinjoo Cho,Indianapolis,Asia,2014,violin,1,1
511, Tessa Lark,Indianapolis,USA/Canada,2014,violin,2,1
512, Ji Young Lim,Indianapolis,Asia,2014,violin,3,1
513, Dami Kim,Indianapolis,Asia,2014,violin,4,1
514, Yoo Jin Jang,Indianapolis,Asia,2014,violin,5,1
515, Ji Yoon Lee,Indianapolis,Asia,2014,violin,6,1
516,/ Clara-Jumi Kang,Indianapolis,Other,2010,violin,1,1
517, Soyoung Yoon,Indianapolis,Asia,2010,violin,2,1
518, Benjamin Beilman,Indianapolis,USA/Canada,2010,violin,3,0
519, Haoming Xie,Indianapolis,Asia,2010,violin,4,0
520, Antal Szalai,Indianapolis,Europe,2010,violin,5,0
521, Andrey Baranov,Indianapolis,Europe,2010,violin,6,0
522, Augustin Hadelich,Indianapolis,Europe,2006,violin,1,0
523, Simone Lamsma,Indianapolis,Europe,2006,violin,2,1
524, Celeste Golden,Indianapolis,USA/Canada,2006,violin,3,1
525, Yura Lee,Indianapolis,Asia,2006,violin,4,1
526, Ye-Eun Choi,Indianapolis,Asia,2006,violin,5,1
527, Bella Hristova,Indianapolis,Europe,2006,violin,6,1
528, Barnabás Kelemen,Indianapolis,Europe,2002,violin,1,0
529, Sergey Khachatryan,Indianapolis,Europe,2002,violin,2,0
530, Soovin Kim,Indianapolis,USA/Canada,2002,violin,3,0
531, Frank Huang,Indianapolis,USA/Canada,2002,violin,4,0
532, Susie Park,Indianapolis,Other,2002,violin,5,1
533, Alina Pogostkina,Indianapolis,Europe,2002,violin,6,1
534, Judith Ingolfsson,Indianapolis,Europe,1998,violin,1,1
535, Liviu Prunaru,Indianapolis,Europe,1998,violin,2,0
536, Ju-Young Baek,Indianapolis,Asia,1998,violin,3,1
537, Svetlin Roussev,Indianapolis,Europe,1998,violin,4,0
538, Andrew Haveron,Indianapolis,Europe,1998,violin,5,0
539, Bin Huang,Indianapolis,Asia,1998,violin,6,1
540, Juliette Kang,Indianapolis,USA/Canada,1994,violin,1,1
541, Stefan Milenkovich,Indianapolis,Europe,1994,violin,2,0
542, David Chan,Indianapolis,USA/Canada,1994,violin,3,0
543, Jaakko Kuusisto,Indianapolis,Europe,1994,violin,4,0
544, Michiko Kamiya,Indianapolis,Asia,1994,violin,5,1
545, Robin Sharp,Indianapolis,USA/Canada,1994,violin,6,1
546, Pavel Berman,Indianapolis,Europe,1990,violin,1,0
547, Marco Rizzi,Indianapolis,Europe,1990,violin,2,0
548, Ivan Chan,Indianapolis,USA/Canada,1990,violin,3,0
549, Virginie Robilliard,Indianapolis,Europe,1990,violin,4,1
550, David Kim,Indianapolis,USA/Canada,1990,violin,5,0
551, Martin Beaver,Indianapolis,USA/Canada,1990,violin,6,0
552, Kyoko Takezawa,Indianapolis,Asia,1986,violin,1,1
553, Leonidas Kavakos,Indianapolis,Europe,1986,violin,2,0
554, Andrés Cárdenes,Indianapolis,USA/Canada,1986,violin,3,0
555, Chin Kim,Indianapolis,Asia,1986,violin,4,0
556, Sungsic Yang,Indianapolis,Asia,1986,violin,5,0
557, Annick Roussin,Indianapolis,Europe,1986,violin,6,1
558, Mihaela Martin,Indianapolis,Europe,1982,violin,1,1
559, Ida Kavafian,Indianapolis,USA/Canada,1982,violin,2,1
560, Yuval Yaron,Indianapolis,Other,1982,violin,3,0
561, Olivier Charlier,Indianapolis,Europe,1982,violin,4,0
562, Nai-Yuan Hu,Indianapolis,Asia,1982,violin,5,0
563, Yuriko Naganuma,Indianapolis,Asia,1982,violin,6,1
564, David Oistrakh,Queen Elizabeth,Europe,1937,violin,1,0
565, Ricardo Odnoposoff,Queen Elizabeth,Europe,1937,violin,2,0
566, Elizabeth Gilels,Queen Elizabeth,Europe,1937,violin,3,1
567, Boris Goldstein,Queen Elizabeth,Europe,1937,violin,4,0
568, Marina Kozolupova,Queen Elizabeth,Europe,1937,violin,5,1
569, Leonid Kogan,Queen Elizabeth,Europe,1951,violin,1,0
570, Mikhail Vayman,Queen Elizabeth,Europe,1951,violin,2,0
571, Theo Olof,Queen Elizabeth,Europe,1951,violin,4,0
572, Alexei Gorokhov,Queen Elizabeth,Europe,1951,violin,5,0
573, Berl Senofsky,Queen Elizabeth,USA/Canada,1955,violin,1,0
574, Julian Sitkovetsky,Queen Elizabeth,Europe,1955,violin,2,0
575, Pierre Doukan,Queen Elizabeth,Europe,1955,violin,3,0
576, Francine Dorfeuille-Boussinot,Queen Elizabeth,Europe,1955,violin,4,1
577, Victor Picaizen,Queen Elizabeth,Europe,1955,violin,5,0
578, Jaime Laredo,Queen Elizabeth,Other,1959,violin,1,0
579, Albert Markov,Queen Elizabeth,Europe,1959,violin,2,0
580, Joseph Silverstein,Queen Elizabeth,USA/Canada,1959,violin,3,0
581, Vladimir Malinin,Queen Elizabeth,Europe,1959,violin,4,0
582, Boris Kouniev,Queen Elizabeth,Europe,1959,violin,5,0
583, Alexei Mikhlin,Queen Elizabeth,Europe,1963,violin,1,0
584, Semyon Snitkovsky,Queen Elizabeth,Europe,1963,violin,2,0
585, Arnold Steinhardt,Queen Elizabeth,USA/Canada,1963,violin,3,0
586, Zarius Shikhmurzayeva,Queen Elizabeth,Europe,1963,violin,4,0
587, Charles Castleman,Queen Elizabeth,USA/Canada,1963,violin,5,0
588, Philippe Hirschhorn,Queen Elizabeth,Europe,1967,violin,1,0
589, Stoïka Milanova,Queen Elizabeth,Europe,1967,violin,2,1
590, Gidon Kremer,Queen Elizabeth,Europe,1967,violin,3,0
591, Roman Nodel,Queen Elizabeth,Europe,1967,violin,4,0
592, Hidetaro Suzuki,Queen Elizabeth,Asia,1967,violin,5,0
593, Miriam Fried,Queen Elizabeth,Other,1971,violin,1,1
594, Andreï Korsakov,Queen Elizabeth,Europe,1971,violin,2,0
595, Hamao Fujiwara,Queen Elizabeth,Asia,1971,violin,3,0
596, /  Ana Chumachenco,Queen Elizabeth,Other,1971,violin,4,1
597, Edith Volckaert,Queen Elizabeth,Europe,1971,violin,5,1
598, Mikhaïl Bezverkhny,Queen Elizabeth,Europe,1976,violin,1,0
599, Irina Medvedeva,Queen Elizabeth,Europe,1976,violin,2,1
600, Dong-Suk Kang,Queen Elizabeth,Asia,1976,violin,3,0
601, Grigori Zhislin,Queen Elizabeth,Europe,1976,violin,4,0
602, Shizuka Ishikawa,Queen Elizabeth,Asia,1976,violin,5,1
603, Yuzuko Horigome,Queen Elizabeth,Asia,1980,violin,1,1
604, Peter Zazofsky,Queen Elizabeth,USA/Canada,1980,violin,2,0
605, Takashi Shimizu,Queen Elizabeth,Asia,1980,violin,3,0
606, Ruriko Tsukahara,Queen Elizabeth,Asia,1980,violin,4,1
607, Mihaela Martin,Queen Elizabeth,Europe,1980,violin,5,1
608, Hu Nai-yuan,Queen Elizabeth,Asia,1985,violin,1,0
609, Ik-Hwan Bae,Queen Elizabeth,Asia,1985,violin,2,0
610, Henry Raudales,Queen Elizabeth,Other,1985,violin,3,0
611, Hu Kun,Queen Elizabeth,Asia,1985,violin,4,0
612, Mi Kyung Lee,Queen Elizabeth,Asia,1985,violin,5,1
613, Vadim Repin,Queen Elizabeth,Europe,1989,violin,1,0
614, Akiko Suwanai,Queen Elizabeth,Asia,1989,violin,2,1
615, Evgeny Bushkov,Queen Elizabeth,Europe,1989,violin,3,0
616, Erez Ofer,Queen Elizabeth,Other,1989,violin,4,0
617,Ulrike-Anima Mathé,Queen Elizabeth,Europe,1989,violin,5,1
618, Yayoi Toda,Queen Elizabeth,Asia,1993,violin,1,1
619, Liviu Prunaru,Queen Elizabeth,Europe,1993,violin,2,0
620, Keng-Yuen Tseng,Queen Elizabeth,Asia,1993,violin,3,0
621, Martin Beaver,Queen Elizabeth,USA/Canada,1993,violin,4,0
622, Natalia Prischepenko,Queen Elizabeth,Europe,1993,violin,5,1
623, Nikolaj Znaider,Queen Elizabeth,Europe,1997,violin,1,0
624, Albrecht Breuninger,Queen Elizabeth,Europe,1997,violin,2,0
625, Kristóf Baráti,Queen Elizabeth,Europe,1997,violin,3,0
626, Andrew Haveron,Queen Elizabeth,Europe,1997,violin,4,0
627, Natsumi Tamai,Queen Elizabeth,Asia,1997,violin,5,1
628, Baiba Skride,Queen Elizabeth,Europe,2001,violin,1,1
629, Kam Ning,Queen Elizabeth,Asia,2001,violin,2,1
630, Barnabás Kelemen,Queen Elizabeth,Europe,2001,violin,3,0
631, Alina Pogostkin,Queen Elizabeth,Europe,2001,violin,4,1
632, Feng Ning,Queen Elizabeth,Asia,2001,violin,5,0
633, Sergey Khachatryan,Queen Elizabeth,Europe,2005,violin,1,0
634, Yossif Ivanov,Queen Elizabeth,Europe,2005,violin,2,0
635, Sophia Jaffé,Queen Elizabeth,Europe,2005,violin,3,1
636, Saeka Matsuyama,Queen Elizabeth,Asia,2005,violin,4,1
637, Mikhail Ovrutsky,Queen Elizabeth,USA/Canada,2005,violin,5,0
638, Ray Chen,Queen Elizabeth,Other,2009,violin,1,0
639, Lorenzo Gatto,Queen Elizabeth,Europe,2009,violin,2,0
640, Ilian Garnet,Queen Elizabeth,Europe,2009,violin,3,0
641, Suyoen Kim,Queen Elizabeth,Asia,2009,violin,4,1
642, Nikita Borisoglebsky,Queen Elizabeth,Europe,2009,violin,5,0
643, Andrey Baranov,Queen Elizabeth,Europe,2012,violin,1,0
644, Tatsuki Narita,Queen Elizabeth,Asia,2012,violin,2,0
645, Hyun Su Shin,Queen Elizabeth,Asia,2012,violin,3,1
646, Esther Yoo,Queen Elizabeth,USA/Canada,2012,violin,4,1
647, Tseng Yu-Chien,Queen Elizabeth,Asia,2012,violin,5,0
648, Ji Young Lim,Queen Elizabeth,Asia,2015,violin,1,1
649, Oleksii Semenenko,Queen Elizabeth,Europe,2015,violin,2,0
650, William Hagen,Queen Elizabeth,USA/Canada,2015,violin,3,0
651, Tobias Feldmann,Queen Elizabeth,Europe,2015,violin,4,0
652,/ Stephen Waarts,Queen Elizabeth,Other,2015,violin,5,0
653, Emil Gilels,Queen Elizabeth,Europe,1938,piano,1,0
654, Mary Johnstone (Moura Lympany),Queen Elizabeth,Europe,1938,piano,2,1
655, Jakov Flier,Queen Elizabeth,Europe,1938,piano,3,0
656, Lance Dossor,Queen Elizabeth,Europe,1938,piano,4,0
657, Nibya Mariño Bellini,Queen Elizabeth,Other,1938,piano,5,1
658, Leon Fleisher,Queen Elizabeth,USA/Canada,1952,piano,1,0
659, Karl Engel,Queen Elizabeth,Europe,1952,piano,2,0
660, Maria Tipo,Queen Elizabeth,Europe,1952,piano,3,1
661, Frans Brouw,Queen Elizabeth,Europe,1952,piano,4,0
662, Lawrence Davis,Queen Elizabeth,Other,1952,piano,5,0
663, Vladimir Ashkenazy,Queen Elizabeth,Europe,1956,piano,1,0
664, John Browning,Queen Elizabeth,USA/Canada,1956,piano,2,0
665, Andrzej Czajkowski,Queen Elizabeth,Europe,1956,piano,3,0
666, Cécile Ousset,Queen Elizabeth,Europe,1956,piano,4,1
667, Lazar Berman,Queen Elizabeth,Europe,1956,piano,5,0
668, Malcolm Frager,Queen Elizabeth,USA/Canada,1960,piano,1,0
669, Ronald Turini,Queen Elizabeth,USA/Canada,1960,piano,2,0
670, Lee Luvisi,Queen Elizabeth,USA/Canada,1960,piano,3,0
671, Alice Mitchenko,Queen Elizabeth,Europe,1960,piano,4,1
672, Gábor Gabos,Queen Elizabeth,Europe,1960,piano,5,0
673, Evgeny Mogilevsky,Queen Elizabeth,Europe,1964,piano,1,0
674, Nikolai Petrov,Queen Elizabeth,Europe,1964,piano,2,0
675, Jean-Claude Vanden Eynden,Queen Elizabeth,Europe,1964,piano,3,0
676, Anton Kuerti,Queen Elizabeth,USA/Canada,1964,piano,4,0
677, Richard Syracuse,Queen Elizabeth,USA/Canada,1964,piano,5,0
678, Ekaterina Novitskaya,Queen Elizabeth,Europe,1968,piano,1,1
679, Valère Kamychov,Queen Elizabeth,Europe,1968,piano,2,0
680, Jeffrey Siegel,Queen Elizabeth,USA/Canada,1968,piano,3,0
681, Semion Kroutchine,Queen Elizabeth,Europe,1968,piano,4,0
682, André De Groote,Queen Elizabeth,Europe,1968,piano,5,0
683, Valery Afanassiev,Queen Elizabeth,Europe,1972,piano,1,0
684, Jeffrey Swann,Queen Elizabeth,USA/Canada,1972,piano,2,0
685, Joseph Alfidi,Queen Elizabeth,USA/Canada,1972,piano,3,0
686, David Lively,Queen Elizabeth,USA/Canada,1972,piano,4,0
687, Svetlana Navasardyan,Queen Elizabeth,Europe,1972,piano,5,1
688, Mikhaïl Faerman,Queen Elizabeth,Europe,1975,piano,1,0
689, Stanislav Igolinsky,Queen Elizabeth,Europe,1975,piano,2,0
690, Youri Egorov,Queen Elizabeth,Europe,1975,piano,3,0
691, Larry Michael Graham,Queen Elizabeth,USA/Canada,1975,piano,4,0
692, Sergueï Iuchkevitch,Queen Elizabeth,Europe,1975,piano,5,0
693, Abdel Rahman El Bacha,Queen Elizabeth,Other,1978,piano,1,0
694, Gregory Allen,Queen Elizabeth,USA/Canada,1978,piano,2,0
695, Brigitte Engerer,Queen Elizabeth,Europe,1978,piano,3,1
696, Alan Weiss,Queen Elizabeth,USA/Canada,1978,piano,4,0
697, Douglas Finch,Queen Elizabeth,USA/Canada,1978,piano,5,0
698, Pierre-Alain Volondat (fr),Queen Elizabeth,Europe,1983,piano,1,0
699, Wolfgang Manz,Queen Elizabeth,Europe,1983,piano,2,0
700, Boyan Vodenitcharov,Queen Elizabeth,Europe,1983,piano,3,0
701, Daniel Blumenthal,Queen Elizabeth,USA/Canada,1983,piano,4,0
702, Eliane Rodrigues,Queen Elizabeth,Other,1983,piano,5,1
703, Andrei Nikolsky,Queen Elizabeth,Europe,1987,piano,1,0
704, Akira Wakabayashi,Queen Elizabeth,Asia,1987,piano,2,1
705, Rolf Plagge,Queen Elizabeth,Europe,1987,piano,3,0
706, Johan Schmidt,Queen Elizabeth,Europe,1987,piano,4,0
707, Ikuyo Nakamichi,Queen Elizabeth,Asia,1987,piano,5,1
708, Frank Braley (fr),Queen Elizabeth,Europe,1991,piano,1,0
709, Stephen Prutsman,Queen Elizabeth,USA/Canada,1991,piano,2,0
710, Brian Ganz,Queen Elizabeth,USA/Canada,1991,piano,3,0
711, Hae-sun Paik,Queen Elizabeth,Asia,1991,piano,4,1
712, Alexander Melnikov,Queen Elizabeth,Europe,1991,piano,5,0
713, Markus Groh,Queen Elizabeth,Europe,1995,piano,1,0
714, Laura Mikkola,Queen Elizabeth,Europe,1995,piano,2,1
715, Giovanni Bellucci,Queen Elizabeth,Europe,1995,piano,3,0
716, Yuliya Gorenman,Queen Elizabeth,USA/Canada,1995,piano,4,1
717, Jong Hwa Park,Queen Elizabeth,Asia,1995,piano,5,0
718, Vitaly Samoshko,Queen Elizabeth,Europe,1999,piano,1,0
719, Alexander Ghindin,Queen Elizabeth,Europe,1999,piano,2,0
720, Ning An,Queen Elizabeth,Asia,1999,piano,3,0
721, Shai Wosner,Queen Elizabeth,Other,1999,piano,4,0
722, Roberto Cominati,Queen Elizabeth,Europe,1999,piano,5,0
723, Severin von Eckardstein,Queen Elizabeth,Europe,2003,piano,1,0
724, Wen-Yu Shen,Queen Elizabeth,Asia,2003,piano,2,0
725, Roberto Giordano,Queen Elizabeth,Europe,2003,piano,4,0
726, Kazumasa Matsumoto,Queen Elizabeth,Asia,2003,piano,5,0
727, Anna Vinnitskaya,Queen Elizabeth,Europe,2007,piano,1,1
728, Plamena Mangova,Queen Elizabeth,Europe,2007,piano,2,1
729, Francesco Piemontesi,Queen Elizabeth,Europe,2007,piano,3,0
730, Ilya Rashkovsky,Queen Elizabeth,Europe,2007,piano,4,0
731, Lim Hyo-Sun,Queen Elizabeth,Asia,2007,piano,5,1
732, Denis Kozhukhin,Queen Elizabeth,Europe,2010,piano,1,0
733, Evgeni Bozhanov,Queen Elizabeth,Europe,2010,piano,2,0
734, Hannes Minnaar,Queen Elizabeth,Europe,2010,piano,3,0
735, Yury Favorin,Queen Elizabeth,Europe,2010,piano,4,0
736, Kim Tae-Hyung,Queen Elizabeth,Asia,2010,piano,5,0
737, Boris Giltburg,Queen Elizabeth,Other,2013,piano,1,0
738, Rémi Geniet,Queen Elizabeth,Europe,2013,piano,2,0
739, Mateusz Borowiak,Queen Elizabeth,Europe,2013,piano,3,0
740, Stanislav Khristenko,Queen Elizabeth,Europe,2013,piano,4,0
741, Zhang Zuo,Queen Elizabeth,Asia,2013,piano,5,1
742,Ginette Neveu,Wieniawski,Europe,1935,violin,1,1
743,David Oistrakh,Wieniawski,Europe,1935,violin,2,0
744,Henri Temianka,Wieniawski,Europe,1935,violin,3,0
745,Igor Oistrakh,Wieniawski,Europe,1952,violin,1,0
746,Julian Sitkovetsky,Wieniawski,Europe,1952,violin,2,0
747,Wanda Wiłkomirska,Wieniawski,Europe,1952,violin,2,1
748,Blanche Tarjus (page does not exist),Wieniawski,Europe,1952,violin,3,1
749,Marina Jaszwili (page does not exist),Wieniawski,Europe,1952,violin,3,1
750,Olga Parchomienko (page does not exist),Wieniawski,Europe,1952,violin,3,1
751,Roza Fajn (page does not exist),Wieniawski,Europe,1957,violin,1,1
752,Sidney Harth,Wieniawski,USA/Canada,1957,violin,2,0
753,Mark Komissarow (page does not exist),Wieniawski,Europe,1957,violin,3,0
754,Charles Treger (page does not exist),Wieniawski,USA/Canada,1962,violin,1,0
755,Oleh Krysa,Wieniawski,Europe,1962,violin,2,0
756,Krzysztof Jakowicz (page does not exist),Wieniawski,Europe,1962,violin,3,0
757,Piotr Janowski,Wieniawski,Europe,1967,violin,1,0
758,Michał Bezwierchnyj (page does not exist),Wieniawski,Europe,1967,violin,2,0
759,Kaja Danczowska (page does not exist),Wieniawski,Europe,1967,violin,3,1
760,Tatiana Grindenko,Wieniawski,Europe,1972,violin,1,1
761,Shizuka Ishikawa (violinist) (page does not exist),Wieniawski,Asia,1972,violin,2,1
762,Barbara Górzyńska (page does not exist),Wieniawski,Europe,1972,violin,3,1
763,Vadim Brodski,Wieniawski,Europe,1977,violin,1,0
764,Piotr Milewski (page does not exist),Wieniawski,Europe,1977,violin,2,0
765,Michał Wajman (page does not exist),Wieniawski,Europe,1977,violin,2,0
766,Zakhar Bron,Wieniawski,Europe,1977,violin,3,0
767,Peter A. Zazofsky (page does not exist),Wieniawski,USA/Canada,1977,violin,3,0
768,Keiko Urushihara (page does not exist),Wieniawski,Asia,1981,violin,1,1
769,Elisa Kawaguti (page does not exist),Wieniawski,Asia,1981,violin,2,1
770,Aureli Błaszczok (page does not exist),Wieniawski,Europe,1981,violin,3,0
771,Ewgenij Buszkow (page does not exist),Wieniawski,Europe,1986,violin,1,0
772,Nobu Wakabayashi (page does not exist),Wieniawski,Asia,1986,violin,2,1
773,Robert Kabara (page does not exist),Wieniawski,Europe,1986,violin,3,0
774,Bartłomiej Nizioł (page does not exist),Wieniawski,Europe,1991,violin,1,0
775,Piotr Pławner (page does not exist),Wieniawski,Europe,1991,violin,1,0
776,Chie Abiko (page does not exist),Wieniawski,Asia,1991,violin,2,1
777,Reiko Shiraishi (page does not exist),Wieniawski,Asia,1991,violin,3,1
778,Reiko Otani (page does not exist),Wieniawski,Asia,1996,violin,1,1
779,Akkiko Tanaka (page does not exist),Wieniawski,Asia,1996,violin,2,1
780,Łukasz Błaszczyk (page does not exist),Wieniawski,Europe,1996,violin,3,0
781,Asuka Sezaki (page does not exist),Wieniawski,Asia,1996,violin,3,1
782,Alena Baeva,Wieniawski,Europe,2001,violin,1,1
783,Soojin Han (page does not exist),Wieniawski,Asia,2001,violin,2,1
784,Roman Simowic (page does not exist),Wieniawski,Europe,2001,violin,2,0
785,Gaik Kazazian,Wieniawski,Europe,2001,violin,3,0
786,Bracha Malkin (page does not exist),Wieniawski,USA/Canada,2001,violin,3,1
787,Hiroko Takahashi (violinist) (page does not exist),Wieniawski,Asia,2001,violin,3,1
788,Agata Szymczewska,Wieniawski,Europe,2006,violin,1,1
789,Airi Suzuki (violinist),Wieniawski,Asia,2006,violin,2,1
790,Anna Maria Staśkiewicz (page does not exist),Wieniawski,Europe,2006,violin,3,1
791,Soyoung Yoon (page does not exist),Wieniawski,Asia,2011,violin,1,1
792,Miki Kobayashi (violinist) (page does not exist),Wieniawski,Asia,2011,violin,2,1
793,Stefan Tarara (page does not exist),Wieniawski,Europe,2011,violin,3,0
